name,season,WAR,WPCT,G,PA,AB,R,H,2B,3B,HR,TB,RBI,SB,CS,BB,HBP,IBB,SO,GDP,SAC,SF,AVG,OBP,SLG,OPS,wOBA,wRC,GPA
Doosan,17,34.95,0.596,1825,5833,5102,849,1499,270,20,178,2343,812,69,33,541,95,19,960,120,48,47,0.294,0.369,0.459,0.828,0.364,116.9,0.2808
Hanwha,17,17.69,0.43,1787,5665,5030,737,1445,261,16,150,2188,684,64,44,416,94,15,974,112,85,38,0.287,0.351,0.435,0.786,0.344,97.4,0.2667
KIA,17,30.66,0.608,1932,5841,5142,906,1554,292,29,170,2414,868,76,34,499,89,19,891,118,55,56,0.302,0.37,0.469,0.84,0.367,112.5,0.28375
kt,17,9.84,0.347,1864,5485,4937,655,1360,274,17,119,2025,625,86,51,374,66,11,1017,118,62,45,0.275,0.332,0.41,0.742,0.327,84.7,0.2519
LG,17,16.06,0.489,1896,5614,4944,699,1390,216,20,110,1976,664,77,56,438,101,17,1021,123,76,55,0.281,0.348,0.4,0.748,0.333,93.5,0.2566
Lotte,17,19.78,0.563,1844,5671,4994,743,1425,250,17,151,2162,697,92,44,457,112,33,1018,146,76,32,0.285,0.356,0.433,0.789,0.347,98.1,0.26845
NC,17,26.54,0.56,1987,5790,5079,786,1489,277,19,149,2251,739,93,32,471,130,19,979,119,62,48,0.293,0.365,0.443,0.808,0.356,107,0.275
Nexen,17,23.14,0.486,1813,5712,5098,789,1479,267,30,141,2229,748,70,34,468,83,15,1066,129,21,42,0.29,0.357,0.437,0.794,0.353,102.7,0.2699
Samsung,17,16.55,0.396,1786,5707,5095,757,1419,255,36,145,2181,703,98,37,429,70,17,983,97,58,55,0.279,0.34,0.428,0.768,0.337,92.5,0.26
SK,17,20.5,0.524,1772,5564,4925,761,1337,222,15,234,2291,733,53,42,427,113,20,1100,97,57,41,0.271,0.341,0.465,0.806,0.349,100,0.2697
Doosan,16,34.81,0.65,1812,5841,5044,935,1504,284,25,183,2387,877,85,45,600,86,11,884,121,43,68,0.298,0.378,0.473,0.851,0.379,116.8,0.28835
Hanwha,16,17.49,0.468,1888,5838,5109,826,1478,242,27,142,2200,787,64,38,510,91,19,1025,123,87,41,0.289,0.362,0.431,0.792,0.355,95.6,0.27065
KIA,16,21.4,0.49,1924,5696,4999,803,1429,264,28,170,2259,754,101,50,499,87,12,997,109,66,45,0.286,0.358,0.452,0.81,0.36,99.6,0.2741
kt,16,9.51,0.373,1921,5620,4963,672,1369,214,11,116,1953,639,96,46,499,48,7,933,130,65,45,0.276,0.345,0.394,0.738,0.336,83.6,0.25375
LG,16,20.29,0.5,1936,5765,5051,786,1464,238,26,118,2108,744,121,70,523,72,10,982,92,65,54,0.29,0.361,0.417,0.779,0.352,98,0.2667
Lotte,16,21.46,0.458,1840,5784,5001,777,1439,252,20,127,2112,732,145,64,596,83,18,1061,120,62,41,0.288,0.37,0.422,0.793,0.359,100.4,0.272
NC,16,28.87,0.589,1941,5833,5007,857,1457,249,19,169,2251,808,99,41,609,93,18,1023,133,70,52,0.291,0.375,0.45,0.824,0.369,108.6,0.28125
Nexen,16,23.47,0.538,1780,5702,4990,813,1464,254,39,134,2198,765,154,83,556,63,17,956,121,34,59,0.293,0.368,0.44,0.808,0.364,100.8,0.2756
Samsung,16,22.21,0.455,1808,5863,5093,852,1492,249,34,142,2235,792,104,50,552,75,15,864,119,88,55,0.293,0.367,0.439,0.806,0.36,100.1,0.2749
SK,16,20.23,0.479,1834,5672,5023,753,1464,234,19,182,2282,715,89,60,429,102,13,1018,104,71,47,0.291,0.356,0.454,0.811,0.359,100.1,0.2737
Doosan,15,31.61,0.549,1704,5759,4957,807,1436,254,22,140,2154,770,111,47,567,99,24,820,139,75,60,0.29,0.37,0.435,0.804,0.358,112.1,0.27525
Hanwha,15,15.69,0.472,1900,5716,4852,717,1316,218,19,130,1962,667,80,47,581,109,33,1135,112,139,35,0.271,0.36,0.404,0.764,0.339,89.8,0.263
KIA,15,5.51,0.465,2022,5454,4777,648,1197,223,22,136,1872,602,115,50,454,101,16,1126,105,79,43,0.251,0.326,0.392,0.718,0.32,79,0.2447
kt,15,16.15,0.364,1965,5605,4927,670,1344,221,15,129,1982,633,124,52,507,58,21,1112,118,75,37,0.273,0.345,0.402,0.748,0.335,88.7,0.25575
LG,15,15.28,0.451,1988,5599,4941,653,1331,252,22,114,1969,601,113,62,462,80,18,1076,98,75,41,0.269,0.339,0.399,0.738,0.33,92.1,0.2523
Lotte,15,21.7,0.462,1821,5680,4972,765,1393,254,19,177,2216,727,104,50,532,68,22,1186,136,80,28,0.28,0.356,0.446,0.802,0.354,102.9,0.2717
NC,15,30.27,0.596,1960,5727,4967,844,1437,283,28,161,2259,802,204,60,536,106,24,1023,105,64,53,0.289,0.367,0.455,0.822,0.363,110.9,0.2789
Nexen,15,31.63,0.545,1769,5811,5069,904,1512,304,20,203,2465,855,100,47,544,82,18,1098,112,61,55,0.298,0.372,0.486,0.858,0.376,115.4,0.2889
Samsung,15,33.76,0.611,1771,5803,5019,897,1515,259,25,176,2352,850,157,52,581,70,21,930,109,76,57,0.302,0.378,0.469,0.847,0.373,115.3,0.28735
SK,15,19,0.486,1845,5588,4861,693,1323,214,10,145,1992,656,94,59,490,98,13,1047,113,110,29,0.272,0.349,0.41,0.759,0.338,95.4,0.25955
Doosan,14,26.85,0.465,1585,5084,4428,687,1299,234,26,108,1909,646,110,43,468,64,10,731,103,81,43,0.293,0.366,0.431,0.797,0.356,104.6,0.27245
Hanwha,14,16.08,0.389,1589,5055,4417,619,1251,223,24,104,1834,594,70,41,490,55,5,839,125,50,43,0.283,0.359,0.415,0.774,0.349,89.3,0.2653
KIA,14,19.71,0.422,1671,5023,4443,662,1279,246,27,121,1942,631,121,63,416,62,11,870,95,67,35,0.288,0.355,0.437,0.792,0.351,95.8,0.269
LG,14,19.05,0.492,1658,5070,4349,667,1214,213,22,90,1741,623,104,64,524,63,16,817,112,77,57,0.279,0.361,0.4,0.761,0.343,95.6,0.26245
Lotte,14,23.49,0.457,1615,5194,4487,716,1289,252,26,121,1956,686,63,41,534,70,19,964,95,62,41,0.287,0.369,0.436,0.805,0.359,100.1,0.27505
NC,14,23.06,0.551,1743,5031,4426,737,1249,228,36,143,1978,697,154,47,443,67,9,918,90,44,51,0.282,0.353,0.447,0.8,0.354,97.6,0.2706
Nexen,14,33.72,0.619,1572,5163,4434,841,1323,275,31,199,2257,786,100,44,523,101,10,849,100,65,40,0.298,0.382,0.509,0.891,0.388,115.7,0.29915
Samsung,14,29.92,0.624,1590,5152,4464,812,1345,238,23,161,2112,763,161,46,507,62,11,743,88,76,43,0.301,0.377,0.473,0.85,0.374,107.9,0.2879
SK,14,23.83,0.484,1537,5082,4423,735,1285,245,22,115,1919,696,139,46,447,72,12,926,92,91,49,0.291,0.362,0.434,0.795,0.353,99.5,0.2714
Doosan,13,34.07,0.568,1649,5142,4401,699,1271,217,37,95,1847,654,172,61,524,79,19,717,105,82,56,0.289,0.37,0.42,0.79,0.363,114.5,0.2715
Hanwha,13,16.56,0.331,1645,4915,4271,480,1106,212,13,47,1485,448,70,49,479,80,11,933,140,54,30,0.259,0.343,0.348,0.69,0.327,89.8,0.24135
KIA,13,22.7,0.408,1598,5051,4318,587,1125,195,13,88,1610,545,141,47,537,75,8,864,110,78,42,0.261,0.349,0.373,0.722,0.337,96.9,0.2503
LG,13,24.48,0.578,1613,4934,4291,616,1210,194,38,59,1657,574,139,71,451,59,11,806,80,91,42,0.282,0.355,0.386,0.741,0.343,100.9,0.25625
Lotte,13,19.58,0.532,1564,4978,4289,556,1118,208,18,61,1545,522,133,58,502,72,22,862,92,74,41,0.261,0.345,0.36,0.705,0.33,91.9,0.24525
NC,13,13.35,0.419,1681,4866,4282,512,1045,209,25,86,1562,485,142,47,434,62,11,955,94,55,31,0.244,0.32,0.365,0.685,0.319,84.3,0.23525
Nexen,13,28.74,0.571,1581,5015,4294,646,1167,209,11,125,1773,607,131,65,505,98,12,912,94,76,42,0.272,0.358,0.413,0.771,0.355,109.1,0.26435
Samsung,13,29.91,0.595,1616,5042,4370,669,1235,212,17,113,1820,624,95,41,453,93,9,818,98,84,41,0.283,0.359,0.416,0.776,0.357,110.1,0.26555
SK,13,25.4,0.496,1556,4950,4278,588,1134,189,20,124,1735,558,144,63,465,86,25,918,99,83,37,0.265,0.346,0.406,0.752,0.344,101.7,0.2572
Doosan,12,20.59,0.523,1645,4938,4379,524,1139,172,26,59,1540,490,116,51,362,54,12,659,129,102,40,0.26,0.322,0.352,0.673,0.313,91.9,0.2329
Hanwha,12,22.28,0.408,1769,5057,4331,509,1077,208,12,71,1522,479,107,53,538,61,17,907,102,100,27,0.249,0.338,0.351,0.69,0.323,99.1,0.23985
KIA,12,23.96,0.488,1613,5131,4348,553,1112,197,19,54,1509,518,132,51,544,60,18,790,100,132,47,0.256,0.343,0.347,0.69,0.321,98.1,0.2411
LG,12,23.42,0.442,1733,5180,4539,544,1184,212,18,59,1609,512,140,57,458,53,19,857,107,80,50,0.261,0.332,0.354,0.687,0.321,97.7,0.2379
Lotte,12,21.38,0.512,1701,5043,4481,509,1179,202,16,73,1632,479,119,53,375,54,19,890,91,107,26,0.263,0.326,0.364,0.69,0.319,96.5,0.2377
Nexen,12,23.82,0.469,1626,5021,4338,549,1056,189,28,102,1607,509,179,72,476,72,17,892,79,92,43,0.243,0.325,0.37,0.696,0.322,98.7,0.23875
Samsung,12,33.8,0.611,1668,5161,4436,628,1205,200,26,89,1724,585,125,48,500,86,19,813,91,91,47,0.272,0.353,0.389,0.742,0.344,113.9,0.2561
SK,12,24.08,0.546,1642,4996,4347,564,1120,197,15,108,1671,523,104,75,445,58,19,864,85,118,28,0.258,0.333,0.384,0.717,0.33,103.9,0.24585
Doosan,11,28,0.466,1602,5204,4498,614,1221,196,27,92,1747,578,130,57,513,81,17,799,118,73,39,0.271,0.354,0.388,0.742,0.344,106.3,0.2563
Hanwha,11,18.14,0.45,1754,5085,4367,568,1112,160,14,93,1579,536,100,76,488,74,14,906,93,130,25,0.255,0.338,0.362,0.7,0.323,91.9,0.2426
KIA,11,29.09,0.526,1613,5129,4373,627,1177,204,15,106,1729,597,113,38,554,59,11,782,110,109,34,0.269,0.357,0.395,0.752,0.346,107.5,0.2594
LG,11,21.25,0.45,1677,5158,4522,579,1203,192,15,94,1707,539,116,52,463,49,15,858,106,86,37,0.266,0.338,0.377,0.716,0.331,97,0.24635
Lotte,11,33.92,0.563,1671,5234,4599,713,1324,226,30,111,1943,666,112,58,466,64,19,836,124,61,44,0.288,0.358,0.422,0.781,0.359,115.8,0.2666
Nexen,11,13,0.389,1645,4989,4343,512,1065,187,23,79,1535,472,99,55,460,51,16,992,94,103,32,0.245,0.323,0.353,0.676,0.313,84.6,0.2336
Samsung,11,25.18,0.612,1689,5145,4437,625,1150,193,20,95,1668,585,158,51,522,69,23,940,97,73,43,0.259,0.343,0.376,0.719,0.334,98.9,0.24835
SK,11,20.88,0.546,1616,5124,4404,584,1157,204,18,100,1697,561,105,61,470,67,15,891,88,147,36,0.263,0.34,0.385,0.726,0.331,97,0.24925
Doosan,10,32.99,0.562,1701,5252,4538,731,1276,224,25,149,1997,706,128,61,533,89,27,834,97,54,38,0.281,0.365,0.44,0.805,0.363,114,0.27425
Hanwha,10,11.27,0.374,1751,5009,4321,543,1053,160,13,104,1551,508,121,70,497,80,10,943,106,75,33,0.244,0.331,0.359,0.69,0.317,83.7,0.2387
KIA,10,19.55,0.444,1623,5166,4416,611,1148,190,17,106,1690,574,117,52,523,85,14,865,110,109,33,0.26,0.347,0.383,0.73,0.332,93.4,0.2519
LG,10,24.72,0.445,1618,5270,4604,688,1270,223,17,121,1890,652,169,56,486,54,25,907,97,82,44,0.276,0.349,0.411,0.759,0.342,100.2,0.2598
Lotte,10,32.54,0.531,1567,5261,4673,773,1345,220,16,185,2152,739,124,51,420,67,15,873,105,60,41,0.288,0.352,0.461,0.813,0.362,113.4,0.27365
Nexen,10,16.83,0.4,1680,5139,4452,570,1165,199,20,87,1665,539,135,56,480,68,16,874,119,95,43,0.262,0.34,0.374,0.714,0.325,88.8,0.2465
Samsung,10,28.84,0.603,1678,5287,4436,681,1207,212,14,118,1801,630,158,55,621,75,29,916,111,111,44,0.272,0.368,0.406,0.774,0.35,105.1,0.2671
SK,10,24.01,0.641,1715,5213,4439,704,1217,222,16,120,1831,648,161,69,484,99,25,813,86,147,44,0.274,0.355,0.412,0.768,0.342,100.2,0.26275
Doosan,9,25.9,0.542,1670,5265,4591,722,1286,215,33,120,1927,669,129,50,522,86,21,849,128,26,40,0.28,0.362,0.42,0.781,0.353,101.7,0.2679
Hanwha,9,23.48,0.354,1700,5273,4620,657,1241,210,13,164,1969,629,69,20,498,81,16,1017,126,43,31,0.269,0.348,0.426,0.774,0.346,97.3,0.2631
Heroes,9,24.27,0.455,1633,5211,4486,683,1219,228,20,153,1946,650,192,67,547,63,22,905,116,64,48,0.272,0.356,0.434,0.789,0.35,99.9,0.2687
KIA,9,23.41,0.628,1689,5215,4455,706,1191,197,24,156,1904,671,113,52,579,66,26,890,111,74,41,0.267,0.357,0.427,0.785,0.348,98.8,0.2674
LG,9,21.71,0.419,1656,5248,4505,670,1251,182,21,129,1862,627,141,47,552,49,28,781,124,97,45,0.278,0.36,0.413,0.773,0.344,95.8,0.26525
Lotte,9,20.62,0.496,1533,5053,4420,637,1223,252,15,121,1868,597,106,45,456,68,8,816,121,60,49,0.277,0.35,0.423,0.773,0.345,96.5,0.26325
Samsung,9,26.27,0.481,1648,5220,4459,685,1224,234,15,146,1926,650,125,50,584,67,23,789,108,67,43,0.275,0.364,0.432,0.796,0.354,102.8,0.2718
SK,9,29.1,0.63,1705,5379,4574,732,1303,235,17,166,2070,693,181,68,552,84,16,892,103,128,40,0.285,0.369,0.453,0.822,0.36,106.9,0.2793
Doosan,8,27.38,0.556,1678,4975,4344,647,1198,166,37,68,1642,598,189,63,472,78,23,719,115,36,44,0.276,0.354,0.378,0.732,0.343,105.4,0.2538
Hanwha,8,23.64,0.508,1630,4882,4275,592,1086,204,20,120,1690,566,97,25,463,57,17,770,100,52,35,0.254,0.333,0.395,0.728,0.336,100.7,0.2486
Heroes,8,17.87,0.397,1765,4834,4317,499,1149,190,19,70,1587,471,97,57,396,37,20,713,114,51,33,0.266,0.331,0.368,0.698,0.325,93.5,0.24095
KIA,8,16.88,0.452,1572,4832,4210,503,1095,188,28,48,1483,465,131,65,453,48,14,642,97,85,35,0.26,0.336,0.352,0.689,0.321,90.7,0.2392
LG,8,14.06,0.365,1538,4743,4184,468,1070,164,23,66,1478,447,111,45,364,59,6,765,90,85,50,0.256,0.321,0.353,0.674,0.313,84.8,0.2327
Lotte,8,29.7,0.548,1405,4890,4256,624,1200,199,22,93,1722,590,133,68,445,76,13,728,97,62,51,0.282,0.357,0.405,0.761,0.352,111.9,0.2619
Samsung,8,21.64,0.516,1650,4859,4180,557,1078,187,15,92,1571,520,59,37,505,65,15,699,115,70,38,0.258,0.344,0.376,0.72,0.335,100.1,0.2488
SK,8,30.25,0.659,1588,5003,4332,632,1222,215,23,89,1750,591,170,83,491,62,15,735,99,80,38,0.282,0.361,0.404,0.765,0.353,112.5,0.26345
Doosan,7,26.33,0.565,1632,4856,4199,578,1103,209,32,78,1610,543,161,59,449,88,21,748,102,68,51,0.263,0.343,0.383,0.726,0.335,103.3,0.2501
Hanwha,7,21.23,0.54,1593,4805,4128,534,1050,165,13,104,1553,502,48,21,506,56,17,705,128,87,28,0.254,0.342,0.376,0.718,0.332,101,0.2479
Hyundai,7,22.29,0.448,1666,4920,4260,530,1154,178,7,96,1634,507,51,36,443,60,38,653,111,125,32,0.271,0.346,0.384,0.729,0.332,101.2,0.2517
KIA,7,17.21,0.408,1535,4811,4204,499,1080,198,16,73,1529,466,70,44,428,55,7,630,117,78,45,0.257,0.33,0.364,0.694,0.322,94,0.2395
LG,7,22.6,0.483,1631,4933,4322,532,1160,186,19,78,1618,508,130,46,431,48,24,704,107,89,43,0.268,0.338,0.374,0.713,0.328,98.3,0.2456
Lotte,7,22.4,0.447,1600,4894,4273,533,1152,193,18,76,1609,501,67,46,405,73,34,763,87,104,39,0.27,0.34,0.377,0.717,0.328,98.4,0.24725
Samsung,7,20.97,0.508,1657,4895,4186,497,1062,191,9,86,1529,469,101,46,511,63,28,678,93,95,39,0.254,0.341,0.365,0.706,0.326,97,0.2447
SK,7,26.77,0.603,1686,4881,4236,603,1118,212,20,112,1706,568,136,68,442,76,22,750,86,87,40,0.264,0.341,0.403,0.744,0.34,106.9,0.2542
Doosan,6,18.97,0.512,1640,4708,4147,455,1068,152,28,55,1441,425,132,57,368,83,14,635,102,81,27,0.258,0.328,0.347,0.676,0.314,96.1,0.23435
Hanwha,6,24.41,0.54,1596,4769,4170,511,1057,191,3,110,1584,481,65,28,442,59,13,800,120,68,30,0.253,0.331,0.38,0.711,0.329,106.5,0.24395
Hyundai,6,26.31,0.56,1627,4798,4092,547,1104,172,9,92,1570,518,71,47,444,77,17,628,108,153,32,0.27,0.35,0.384,0.734,0.334,110.2,0.2535
KIA,6,19.03,0.52,1544,4754,4181,476,1067,191,22,62,1488,431,93,43,390,55,20,650,90,102,26,0.255,0.325,0.356,0.681,0.314,95.7,0.23525
LG,6,16.3,0.385,1612,4724,4217,457,1037,181,16,81,1493,430,84,33,330,52,19,813,86,92,32,0.246,0.306,0.354,0.661,0.303,88,0.2262
Lotte,6,18.22,0.407,1650,4766,4137,488,1034,173,3,88,1477,463,62,41,418,65,17,815,84,124,21,0.25,0.327,0.357,0.684,0.314,96.1,0.2364
Samsung,6,23.65,0.593,1646,4779,4091,538,1043,192,9,73,1472,505,121,52,477,79,14,689,107,90,42,0.255,0.341,0.36,0.701,0.325,104,0.24345
SK,6,23.78,0.48,1583,4793,4177,509,1059,171,19,99,1565,488,117,47,424,63,19,859,84,96,33,0.254,0.329,0.375,0.704,0.323,102.6,0.2418
Doosan,5,21.79,0.585,1665,4922,4256,596,1147,183,17,63,1553,558,103,50,465,85,14,701,93,81,35,0.27,0.351,0.365,0.715,0.33,97.9,0.2492
Hanwha,5,28.62,0.512,1507,4841,4304,622,1163,211,9,159,1869,594,62,24,400,75,12,824,121,31,31,0.27,0.341,0.434,0.775,0.351,111.6,0.26195
Hyundai,5,24.55,0.431,1506,4899,4190,563,1071,168,16,134,1673,529,81,38,458,120,12,817,85,105,26,0.256,0.344,0.399,0.743,0.336,102.2,0.25455
KIA,5,19.51,0.392,1564,4848,4234,541,1102,183,13,99,1608,507,101,43,430,74,24,718,101,79,31,0.26,0.337,0.38,0.717,0.326,95.3,0.24665
LG,5,22.48,0.432,1612,4785,4222,601,1098,189,21,105,1644,554,149,45,349,93,12,915,72,80,41,0.26,0.327,0.389,0.717,0.324,94.1,0.2444
Lotte,5,16.2,0.464,1607,4722,4177,500,1058,202,23,83,1555,470,88,52,361,70,11,856,83,94,20,0.253,0.322,0.372,0.694,0.315,87.4,0.2379
Samsung,5,26.13,0.607,1602,4975,4234,614,1134,178,6,111,1657,575,97,38,500,109,21,748,112,98,34,0.268,0.357,0.391,0.749,0.341,105.5,0.2584
SK,5,25.13,0.583,1631,4984,4230,589,1139,174,12,122,1703,559,101,54,495,85,27,806,88,136,38,0.269,0.355,0.403,0.757,0.339,104.6,0.2605
Doosan,4,21.46,0.53,1674,5109,4485,606,1200,202,19,89,1707,573,71,59,433,96,12,780,86,55,40,0.268,0.342,0.381,0.723,0.333,95.4,0.24915
Hanwha,4,24.4,0.417,1729,5150,4519,632,1213,245,17,140,1912,605,82,58,456,54,14,923,107,88,33,0.268,0.34,0.423,0.764,0.343,102.5,0.25875
Hyundai,4,31.88,0.586,1692,5322,4480,692,1233,190,13,134,1851,653,100,45,607,86,29,871,109,111,38,0.275,0.37,0.413,0.783,0.354,110.1,0.26975
KIA,4,28.86,0.523,1685,5190,4426,643,1182,224,9,143,1853,610,127,54,549,79,22,693,118,82,54,0.267,0.354,0.419,0.773,0.349,106.5,0.26405
LG,4,18.5,0.457,1753,5081,4432,588,1150,176,24,102,1680,554,69,48,441,95,18,892,89,73,40,0.259,0.337,0.379,0.716,0.328,91.7,0.2464
Lotte,4,15.36,0.41,1661,5075,4462,533,1125,195,21,88,1626,500,129,46,416,92,15,853,99,74,31,0.252,0.327,0.364,0.691,0.317,84.8,0.23815
Samsung,4,26.73,0.584,1553,5170,4509,641,1215,225,9,132,1854,600,50,32,460,86,22,704,122,84,31,0.269,0.346,0.411,0.757,0.343,102.2,0.25845
SK,4,25.97,0.488,1728,5254,4499,655,1223,196,9,138,1851,626,50,47,521,93,24,818,98,105,35,0.272,0.357,0.411,0.768,0.347,105.4,0.2634
Doosan,3,20.73,0.435,1702,5165,4536,563,1251,205,21,90,1768,541,58,36,452,62,17,706,121,63,52,0.276,0.346,0.39,0.736,0.332,96,0.2532
Hanwha,3,20.36,0.492,1739,5198,4458,577,1131,218,20,121,1752,521,78,57,542,75,22,887,89,102,21,0.254,0.343,0.393,0.736,0.33,94.4,0.2526
Hyundai,3,37.5,0.611,1648,5313,4483,723,1280,208,15,175,2043,673,75,48,543,109,23,727,100,139,38,0.286,0.374,0.456,0.829,0.363,117.7,0.2823
KIA,3,26.26,0.609,1657,5127,4448,657,1211,219,16,129,1849,626,146,67,505,42,18,721,72,94,37,0.272,0.349,0.416,0.765,0.34,101.8,0.26105
LG,3,13.46,0.458,1694,4964,4375,509,1088,188,29,106,1652,485,135,62,404,70,11,781,90,74,40,0.249,0.32,0.378,0.697,0.313,82.2,0.2385
Lotte,3,11.19,0.3,1656,4987,4465,491,1143,232,18,73,1630,451,84,66,338,73,11,848,75,83,28,0.256,0.317,0.365,0.682,0.307,78.5,0.2339
Samsung,3,37.22,0.589,1501,5241,4564,769,1295,236,14,213,2198,744,56,32,481,85,19,661,131,73,38,0.284,0.36,0.482,0.842,0.369,121.3,0.2825
SK,3,25.84,0.508,1656,5157,4445,644,1208,209,16,156,1917,612,82,57,464,89,10,763,87,127,32,0.272,0.35,0.431,0.781,0.344,104.8,0.26525
Doosan,2,21.04,0.504,1693,5083,4498,587,1173,174,21,130,1779,556,106,42,434,58,17,794,107,47,46,0.261,0.331,0.396,0.726,0.322,95.2,0.24795
Hanwha,2,22.5,0.461,1791,5062,4491,603,1148,206,10,170,1884,570,94,65,446,49,22,1064,106,52,22,0.256,0.328,0.42,0.748,0.328,99.6,0.2526
Hyundai,2,26.6,0.547,1748,5140,4444,658,1160,191,25,173,1920,643,79,50,464,99,26,945,82,99,34,0.261,0.342,0.432,0.774,0.336,105.2,0.2619
KIA,2,28.11,0.605,1687,5200,4575,643,1230,220,14,120,1838,611,155,39,454,91,32,914,107,45,35,0.269,0.344,0.402,0.746,0.331,101.9,0.2553
LG,2,20.25,0.52,1752,5121,4492,583,1173,212,22,100,1729,541,140,63,412,86,29,951,91,93,37,0.261,0.332,0.385,0.717,0.316,91,0.24565
Lotte,2,8.23,0.265,1757,4986,4512,463,1105,206,19,85,1604,443,76,63,324,78,14,978,75,49,22,0.245,0.305,0.356,0.661,0.295,76.7,0.22625
Samsung,2,38.22,0.636,1599,5304,4648,777,1321,266,16,191,2192,731,47,29,469,97,26,804,116,55,34,0.284,0.36,0.472,0.831,0.362,122.7,0.28
SK,2,26.92,0.469,1737,5090,4475,618,1207,204,27,158,1939,587,80,55,385,100,15,815,94,96,34,0.27,0.339,0.433,0.772,0.336,105.2,0.2608
Doosan,1,27.3,0.508,1654,5303,4583,732,1266,221,26,130,1929,688,132,34,560,60,27,697,116,54,46,0.276,0.359,0.421,0.78,0.353,102.1,0.2668
Hanwha,1,25.55,0.473,1807,5259,4556,659,1255,211,15,148,1940,628,135,65,549,45,28,877,106,75,34,0.275,0.357,0.426,0.783,0.351,101.1,0.26715
Hyundai,1,25.44,0.558,1653,5225,4445,711,1192,166,20,169,1905,667,99,55,598,76,14,911,109,77,29,0.268,0.363,0.429,0.791,0.356,104.6,0.2706
KIA,1,24.45,0.469,1702,5189,4542,683,1263,221,17,142,1944,637,92,63,497,56,21,774,129,51,43,0.278,0.353,0.428,0.782,0.352,101.6,0.26585
LG,1,21.7,0.464,1803,5319,4521,669,1247,219,24,85,1769,630,96,58,590,52,24,759,100,114,41,0.276,0.363,0.391,0.754,0.342,95.1,0.2611
Lotte,1,27.54,0.457,1747,5308,4521,718,1265,247,24,121,1923,671,106,53,585,60,39,817,89,82,60,0.28,0.366,0.425,0.791,0.354,103.3,0.27095
Samsung,1,27.89,0.609,1650,5280,4553,739,1262,244,21,162,2034,695,73,44,520,95,27,814,111,69,42,0.277,0.36,0.447,0.807,0.36,106.8,0.27375
SK,1,13.97,0.458,1723,5077,4400,596,1143,215,11,113,1719,555,123,59,457,71,23,770,95,122,26,0.26,0.337,0.391,0.728,0.327,84.7,0.2494
Doosan,0,32.18,0.571,1636,5213,4590,694,1325,205,21,150,2022,661,115,29,475,58,10,684,120,43,47,0.289,0.359,0.441,0.8,0.356,110.2,0.2718
Haitai,0,12.64,0.442,1583,5176,4511,588,1137,216,13,86,1637,537,113,53,527,40,16,866,107,64,33,0.252,0.333,0.363,0.696,0.315,83.1,0.2406
Hanwha,0,27.07,0.391,1796,5203,4600,680,1270,265,14,180,2103,655,78,49,449,66,19,997,130,45,43,0.276,0.346,0.457,0.803,0.352,107.5,0.26995
Hyundai,0,38.53,0.695,1633,5240,4478,777,1245,246,25,208,2165,736,104,56,548,94,19,905,87,74,46,0.278,0.365,0.483,0.849,0.369,119.2,0.285
LG,0,24.87,0.515,1660,5271,4532,687,1239,227,22,122,1876,647,97,43,553,55,21,805,93,84,46,0.273,0.356,0.414,0.77,0.342,100.8,0.2637
Lotte,0,16.87,0.504,1747,5178,4557,603,1186,206,26,104,1756,553,92,48,449,66,19,831,93,82,24,0.26,0.334,0.385,0.719,0.321,87,0.24655
Samsung,0,27.09,0.539,1574,5212,4546,744,1223,246,15,177,2030,708,81,37,496,80,23,967,97,47,43,0.269,0.348,0.447,0.795,0.35,105.9,0.26835
SK,0,15.12,0.338,1722,5111,4492,602,1167,193,23,105,1721,566,67,44,429,77,6,858,107,77,35,0.26,0.332,0.383,0.716,0.321,86.6,0.24515
Doosan,99,26.54,0.598,1655,5229,4587,721,1305,218,31,141,2008,693,136,44,478,49,21,693,126,74,41,0.285,0.355,0.438,0.793,0.346,100.8,0.26925
Haitai,99,29.08,0.465,1591,5256,4549,765,1264,206,12,210,2124,723,98,48,555,58,13,871,105,68,26,0.278,0.362,0.467,0.829,0.359,109.4,0.27965
Hanwha,99,29.09,0.554,1713,5089,4479,731,1268,253,29,197,2170,687,128,70,432,77,14,847,107,59,42,0.283,0.353,0.484,0.838,0.36,109.6,0.27985
Hyundai,99,20.52,0.535,1639,5260,4456,699,1210,187,18,143,1862,652,109,65,537,98,22,780,88,127,42,0.272,0.359,0.418,0.777,0.339,96.2,0.26605
LG,99,26.26,0.466,1578,5180,4574,744,1287,218,40,145,2020,700,99,32,428,78,16,772,91,57,43,0.281,0.35,0.442,0.792,0.345,100.4,0.268
Lotte,99,28.06,0.591,1708,5186,4498,753,1309,261,34,145,2073,709,98,68,465,72,16,815,93,99,52,0.291,0.363,0.461,0.824,0.355,106.9,0.2786
Samsung,99,26.99,0.562,1594,5254,4555,748,1244,202,14,207,2095,712,140,47,483,96,24,964,90,79,41,0.273,0.352,0.46,0.812,0.35,103.3,0.2734
Ssangbangwool,99,7.43,0.224,1639,5054,4462,523,1108,177,28,86,1599,496,126,51,418,64,8,908,68,76,33,0.248,0.32,0.358,0.678,0.303,71.9,0.2335
Haitai,98,16.74,0.488,1490,4678,4129,489,1067,188,8,94,1553,467,58,26,367,57,25,669,125,92,33,0.258,0.325,0.376,0.701,0.311,92.4,0.24025
Hanwha,98,18.01,0.455,1656,4693,4162,503,1042,201,10,123,1632,472,94,59,339,72,23,784,94,99,21,0.25,0.316,0.392,0.708,0.312,92.9,0.2402
Hyundai,98,30.89,0.643,1620,4779,4161,633,1123,216,21,142,1807,587,134,85,413,74,16,820,69,91,38,0.27,0.344,0.434,0.778,0.341,113.2,0.2633
LG,98,27.2,0.504,1522,4840,4243,609,1131,229,21,100,1702,567,99,47,417,68,17,699,94,77,35,0.267,0.339,0.401,0.74,0.329,104.9,0.2528
Lotte,98,19.44,0.41,1592,4781,4188,536,1070,200,33,86,1594,500,76,54,403,68,24,829,76,89,32,0.255,0.329,0.381,0.709,0.315,94.9,0.2433
OB,98,19.4,0.496,1480,4717,4223,520,1080,174,28,102,1616,479,123,50,338,56,17,713,87,65,34,0.256,0.317,0.383,0.7,0.311,91.9,0.2384
Samsung,98,28.2,0.532,1542,4918,4263,620,1143,211,20,143,1823,576,117,61,446,80,48,822,103,90,38,0.268,0.346,0.428,0.773,0.338,110.7,0.2627
Ssangbangwool,98,22.82,0.468,1531,4773,4170,536,1089,176,31,101,1630,499,93,46,440,33,32,758,94,95,34,0.261,0.334,0.391,0.725,0.32,98.3,0.24805
Haitai,97,27.63,0.599,1562,4825,4183,616,1081,208,9,133,1706,578,148,62,466,67,48,722,102,78,30,0.258,0.34,0.408,0.748,0.333,106.3,0.255
Hanwha,97,18.23,0.413,1682,4690,4077,481,1032,180,18,102,1554,445,98,74,381,71,20,779,88,128,33,0.253,0.325,0.381,0.707,0.314,93.6,0.2415
Hyundai,97,15.53,0.421,1742,4680,4032,497,994,179,19,82,1457,459,112,78,424,72,33,720,92,122,28,0.247,0.327,0.361,0.688,0.308,89.2,0.2374
LG,97,27.28,0.587,1472,4821,4153,590,1109,220,29,83,1636,549,137,53,422,90,24,601,82,97,57,0.267,0.343,0.394,0.737,0.33,104.2,0.25285
Lotte,97,9.38,0.385,1623,4599,4066,434,962,176,20,75,1403,411,110,69,359,56,16,801,89,88,29,0.237,0.305,0.345,0.65,0.294,80,0.2235
OB,97,19.84,0.472,1634,4767,4215,511,1070,159,21,84,1523,481,143,53,382,69,19,717,96,70,31,0.254,0.324,0.361,0.685,0.311,91.1,0.23605
Samsung,97,38.92,0.552,1511,4976,4305,722,1194,254,24,165,1991,669,137,80,456,90,43,804,67,88,32,0.277,0.356,0.462,0.819,0.359,124,0.2757
Ssangbangwool,97,27.61,0.571,1729,4781,4057,602,1090,201,30,110,1681,565,81,60,490,51,37,693,99,139,44,0.269,0.351,0.414,0.766,0.337,109.1,0.26145
Haitai,96,26.12,0.587,1565,4803,4168,515,1022,191,18,92,1525,510,170,54,463,72,31,701,83,71,29,0.245,0.329,0.366,0.695,0.319,101,0.23955
Hanwha,96,21.99,0.56,1747,4747,4081,522,1000,203,23,90,1519,499,95,72,432,80,17,836,92,123,30,0.245,0.327,0.372,0.699,0.317,99.9,0.24015
Hyundai,96,20.09,0.552,1717,4729,4127,493,1001,171,21,106,1532,462,112,90,396,72,35,747,66,104,30,0.243,0.318,0.371,0.689,0.311,96,0.23585
LG,96,22.28,0.417,1639,4856,4203,506,1036,164,18,98,1530,499,95,57,441,94,31,612,84,92,26,0.246,0.33,0.364,0.694,0.317,100.1,0.2395
Lotte,96,29.94,0.476,1607,4812,4244,566,1161,214,38,72,1667,543,139,61,398,50,23,692,94,82,38,0.274,0.34,0.393,0.733,0.333,110.8,0.25125
OB,96,14.21,0.397,1444,4653,4163,446,1008,178,23,82,1478,410,78,53,327,59,26,721,98,75,29,0.242,0.305,0.355,0.66,0.301,88.1,0.226
Samsung,96,23.56,0.448,1725,4732,4136,510,1029,191,23,88,1530,478,135,78,423,76,19,807,77,56,37,0.249,0.327,0.37,0.697,0.32,102.1,0.23965
Ssangbangwool,96,23.97,0.563,1569,4805,4111,545,1085,192,33,58,1517,489,85,59,427,70,34,690,89,143,47,0.264,0.34,0.369,0.709,0.319,101.2,0.24525
Haitai,95,16.45,0.524,1528,4638,4095,431,989,154,22,75,1412,397,130,43,341,77,20,675,94,86,35,0.242,0.309,0.345,0.654,0.297,89.2,0.2253
Hanwha,95,22.98,0.437,1727,4755,4161,510,1037,205,25,96,1580,477,97,65,403,63,22,747,80,100,28,0.249,0.323,0.38,0.703,0.316,102.3,0.24035
LG,95,26.04,0.603,1627,4752,4137,527,1064,170,34,79,1539,472,121,50,421,76,20,621,90,73,45,0.257,0.334,0.372,0.706,0.321,105.7,0.2433
Lotte,95,27.29,0.56,1606,4830,4197,590,1071,158,51,65,1526,552,220,73,447,71,22,726,74,56,59,0.255,0.333,0.364,0.696,0.318,103.4,0.24085
OB,95,29.74,0.607,1580,4853,4342,629,1154,203,28,106,1731,585,121,57,357,52,16,741,99,62,40,0.266,0.326,0.399,0.725,0.327,110.5,0.24645
Samsung,95,23.08,0.5,1808,4752,4188,558,1047,199,20,94,1568,516,100,44,384,92,21,723,77,55,32,0.25,0.324,0.374,0.699,0.318,103.7,0.2393
Ssangbangwool,95,20.57,0.369,1575,4708,4154,476,1054,165,21,83,1510,438,131,70,381,37,25,600,75,103,33,0.254,0.32,0.364,0.683,0.308,96.5,0.235
Taepyeongyang,95,16.06,0.401,1578,4657,4119,467,965,170,20,82,1421,436,93,48,389,46,15,754,90,67,35,0.234,0.305,0.345,0.65,0.297,88.7,0.2235
Haitai,94,26.55,0.524,1460,4757,4254,563,1153,183,17,93,1649,534,164,59,332,44,20,583,75,87,37,0.271,0.328,0.388,0.715,0.325,104,0.2446
Hanwha,94,16.46,0.524,1673,4691,4063,482,1002,166,15,68,1402,444,94,66,416,63,19,696,97,113,36,0.247,0.324,0.345,0.669,0.307,91.5,0.23205
LG,94,38.57,0.643,1541,4886,4265,655,1204,205,36,88,1745,612,143,61,455,70,18,573,83,54,41,0.282,0.358,0.409,0.767,0.352,123.6,0.26335
Lotte,94,20.55,0.456,1498,4710,4175,489,1072,180,33,58,1492,457,175,88,378,52,19,672,80,57,48,0.257,0.323,0.357,0.68,0.313,96.3,0.2346
OB,94,15.99,0.425,1610,4656,4113,477,1013,159,18,75,1433,459,81,54,364,53,15,712,76,93,33,0.246,0.313,0.348,0.662,0.304,89,0.22785
Samsung,94,27.19,0.484,1678,4801,4161,541,1081,165,22,106,1608,510,120,67,458,64,21,650,95,79,39,0.26,0.34,0.386,0.726,0.332,108.9,0.2495
Ssangbangwool,94,17.92,0.393,1718,4690,4142,494,1027,160,20,87,1488,455,151,68,378,45,19,622,86,100,23,0.248,0.316,0.359,0.675,0.308,92.5,0.23195
Taepyeongyang,94,18.49,0.552,1560,4636,4047,485,988,179,18,91,1476,453,66,64,385,53,16,750,86,126,25,0.244,0.316,0.365,0.681,0.309,93.1,0.23345
Binggrae,93,21.34,0.5,1671,4715,4119,454,982,180,13,81,1431,427,96,50,433,54,16,743,94,73,35,0.238,0.317,0.347,0.664,0.311,99.2,0.2294
Haitai,93,30,0.655,1496,4711,4102,513,1030,169,12,95,1508,465,161,73,452,48,6,606,107,71,31,0.251,0.33,0.368,0.698,0.326,110.3,0.2405
LG,93,25.55,0.536,1645,4730,4182,496,1069,176,32,74,1531,463,117,62,376,55,17,594,95,91,26,0.256,0.323,0.366,0.689,0.32,106,0.23685
Lotte,93,19.11,0.496,1604,4675,4077,452,1013,160,38,29,1336,422,174,79,389,53,10,563,75,114,41,0.248,0.319,0.328,0.647,0.301,92.5,0.22555
OB,93,23.87,0.544,1672,4740,4131,473,1066,176,34,59,1487,442,86,49,403,48,16,611,104,118,39,0.258,0.328,0.36,0.688,0.318,104.5,0.2376
Samsung,93,38.88,0.599,1667,4999,4369,613,1169,169,22,133,1781,592,102,73,465,66,13,662,105,53,38,0.268,0.344,0.408,0.752,0.349,127,0.2568
Ssangbangwool,93,10.15,0.361,1541,4546,4005,366,903,138,14,46,1207,342,117,80,392,53,12,733,88,74,21,0.225,0.302,0.301,0.603,0.286,81,0.21115
Taepyeongyang,93,10.57,0.31,1435,4532,4025,342,913,169,15,35,1217,314,80,50,343,39,17,776,100,104,21,0.227,0.293,0.302,0.595,0.278,75.3,0.20735
Binggrae,92,29.36,0.651,1662,4865,4197,658,1120,191,29,146,1807,620,104,59,511,58,29,660,96,54,45,0.267,0.351,0.431,0.782,0.351,109.5,0.2657
Haitai,92,32.47,0.567,1525,4903,4183,701,1139,191,16,138,1776,658,134,57,559,70,14,656,114,54,37,0.272,0.365,0.425,0.789,0.359,114.5,0.2705
LG,92,17.37,0.433,1592,4841,4261,572,1094,172,24,108,1638,539,89,55,439,46,21,570,111,64,31,0.257,0.331,0.384,0.715,0.325,91.7,0.24495
Lotte,92,30.33,0.563,1616,4904,4205,663,1213,211,62,68,1752,619,130,55,483,59,14,542,90,103,53,0.288,0.366,0.417,0.782,0.352,110,0.26895
OB,92,18.03,0.46,1673,4833,4225,547,1096,172,31,110,1660,511,96,58,439,37,19,645,98,96,32,0.259,0.332,0.393,0.725,0.326,92.4,0.24765
Samsung,92,26.53,0.54,1719,4921,4250,633,1128,169,23,124,1715,585,127,61,494,73,21,620,95,58,44,0.265,0.349,0.404,0.752,0.342,103.2,0.25805
Ssangbangwool,92,17.73,0.329,1604,4766,4081,508,1015,167,29,90,1510,459,89,53,528,54,24,748,138,77,21,0.249,0.341,0.37,0.711,0.325,92.3,0.24595
Taepyeongyang,92,16.47,0.456,1587,4745,4143,518,1061,204,25,87,1576,464,72,49,406,48,11,620,94,117,21,0.256,0.328,0.38,0.709,0.319,87.9,0.2426
Binggrae,91,35.1,0.591,1723,4870,4221,644,1155,181,43,136,1830,607,121,63,485,51,22,704,92,84,29,0.274,0.353,0.434,0.787,0.356,118.7,0.26735
Haitai,91,31.76,0.647,1450,4843,4135,618,1069,171,29,144,1730,594,152,77,516,83,12,588,102,74,35,0.259,0.35,0.418,0.768,0.351,114.9,0.262
LG,91,11.64,0.425,1701,4680,4131,472,1009,158,41,53,1408,430,110,99,400,52,18,475,118,67,29,0.244,0.317,0.341,0.658,0.306,83.6,0.2279
Lotte,91,21.59,0.496,1750,4821,4128,583,1072,177,46,73,1560,533,97,57,457,61,30,515,78,122,47,0.26,0.339,0.378,0.717,0.325,97.5,0.24705
OB,91,14.99,0.413,1649,4791,4220,501,1054,169,39,59,1478,458,136,78,418,40,23,648,84,91,22,0.25,0.322,0.35,0.672,0.31,86.7,0.2324
Samsung,91,29.69,0.56,1706,4875,4182,639,1138,180,25,108,1692,593,126,82,510,59,28,546,106,85,37,0.272,0.357,0.405,0.761,0.348,112.5,0.2619
Ssangbangwool,91,24.67,0.425,1552,4734,4114,554,1041,198,30,87,1560,505,130,87,475,66,12,726,93,46,33,0.253,0.338,0.379,0.717,0.333,102.4,0.24685
Taepyeongyang,91,12.58,0.444,1598,4680,4102,426,976,208,25,51,1387,395,143,73,423,43,25,598,80,85,27,0.238,0.314,0.338,0.652,0.301,81,0.2258
